{
  "faithfulness": 1.0,
  "answer_relevancy": 0.9094779499463939,
  "context_precision": 0.3642857142675,
  "context_recall": 0.5783068783068783,
  "answer_similarity": 0.8815570111946132,
  "answer_correctness": 0.6965845532651821,
  "overall_score": 0.7383686844967613
}