{
  "faithfulness": 0.0,
  "answer_relevancy": 0.0,
  "context_precision": 0.5726190475904166,
  "context_recall": 0.5470899470899471,
  "answer_similarity": 0.6892406071202254,
  "answer_correctness": 0.17230225530730672,
  "overall_score": 0.33020864285131596
}